rs1801133,rs7412,rs429358,risk
AG,TT,CT,0
GG,TC,CC,1
AA,TC,TT,0
AG,CC,CT,1
GG,TT,CC,1
AA,TC,CT,0
AG,TC,TT,0
GG,CC,CC,1
AA,TT,TT,0
AG,TC,CT,0
GG,TC,CC,1
AA,CC,TT,0
AG,TT,CT,0
GG,TC,CC,1
AA,TC,TT,0
AG,CC,CT,1
GG,TT,CC,1
AA,TC,CT,0
AG,TC,TT,0
GG,CC,CC,1
AA,TT,TT,0
AG,TC,CT,0
GG,TC,CC,1
AA,CC,TT,0
AG,TT,CT,0
GG,TC,CC,1
AA,TC,TT,0
AG,CC,CT,1
GG,TT,CC,1
AA,TC,CT,0
AG,TC,TT,0
GG,CC,CC,1
AA,TT,TT,0
AG,TC,CT,0
GG,TC,CC,1
AA,CC,TT,0
AG,TT,CT,0
GG,TC,CC,1
AA,TC,TT,0
AG,CC,CT,1
GG,TT,CC,1
AA,TC,CT,0
AG,TC,TT,0
GG,CC,CC,1
AA,TT,TT,0
AG,TC,CT,0
GG,TC,CC,1
AA,CC,TT,0
AG,TT,CT,0
GG,TC,CC,1
AA,TC,TT,0
AG,CC,CT,1
GG,TT,CC,1
AA,TC,CT,0
AG,TC,TT,0
GG,CC,CC,1
AA,TT,TT,0
AG,TC,CT,0
GG,TC,CC,1
AA,CC,TT,0
AG,TT,CT,0
GG,TC,CC,1
AA,TC,TT,0
AG,CC,CT,1
GG,TT,CC,1
AA,TC,CT,0
AG,TC,TT,0
GG,CC,CC,1
AA,TT,TT,0
AG,TC,CT,0
GG,TC,CC,1
AA,CC,TT,0
AG,TT,CT,0
GG,TC,CC,1
AA,TC,TT,0
AG,CC,CT,1
GG,TT,CC,1
AA,TC,CT,0
AG,TC,TT,0
GG,CC,CC,1
AA,TT,TT,0
AG,TC,CT,0
GG,TC,CC,1
AA,CC,TT,0
AG,TT,CT,0
GG,TC,CC,1
AA,TC,TT,0
AG,CC,CT,1
GG,TT,CC,1
AA,TC,CT,0
AG,TC,TT,0
GG,CC,CC,1
AA,TT,TT,0
AG,TC,CT,0
GG,TC,CC,1
AA,CC,TT,0
AG,TT,CT,0
GG,TC,CC,1
AA,TC,TT,0
AG,CC,CT,1
GG,TT,CC,1
AA,TC,CT,0
AG,TC,TT,0
GG,CC,CC,1
AA,TT,TT,0
AG,TC,CT,0
GG,TC,CC,1
AA,CC,TT,0
AG,TT,CT,0
GG,TC,CC,1
AA,TC,TT,0
AG,CC,CT,1
GG,TT,CC,1
AA,TC,CT,0
AG,TC,TT,0
GG,CC,CC,1
AA,TT,TT,0
AG,TC,CT,0
GG,TC,CC,1
AA,CC,TT,0
AG,TT,CT,0
GG,TC,CC,1
AA,TC,TT,0
AG,CC,CT,1
GG,TT,CC,1
AA,TC,CT,0
AG,TC,TT,0
GG,CC,CC,1
AA,TT,TT,0
AG,TC,CT,0
GG,TC,CC,1
AA,CC,TT,0
AG,TT,CT,0
GG,TC,CC,1
AA,TC,TT,0
AG,CC,CT,1
GG,TT,CC,1
AA,TC,CT,0
AG,TC,TT,0
GG,CC,CC,1
AA,TT,TT,0
AG,TC,CT,0
GG,TC,CC,1
AA,CC,TT,0
AG,TT,CT,0
GG,TC,CC,1
AA,TC,TT,0
AG,CC,CT,1
GG,TT,CC,1
AA,TC,CT,0
AG,TC,TT,0
GG,CC,CC,1
AA,TT,TT,0
AG,TC,CT,0
GG,TC,CC,1
AA,CC,TT,0
AG,TT,CT,0
GG,TC,CC,1
AA,TC,TT,0
AG,CC,CT,1
GG,TT,CC,1
AA,TC,CT,0
AG,TC,TT,0
GG,CC,CC,1
AA,TT,TT,0
AG,TC,CT,0
GG,TC,CC,1
AA,CC,TT,0
AG,TT,CT,0
GG,TC,CC,1
AA,TC,TT,0
AG,CC,CT,1
GG,TT,CC,1
AA,TC,CT,0
AG,TC,TT,0
GG,CC,CC,1
AA,TT,TT,0
AG,TC,CT,0
GG,TC,CC,1
AA,CC,TT,0
AG,TT,CT,0
GG,TC,CC,1
AA,TC,TT,0
AG,CC,CT,1
GG,TT,CC,1
AA,TC,CT,0
AG,TC,TT,0
GG,CC,CC,1
AA,TT,TT,0
AG,TC,CT,0
GG,TC,CC,1
AA,CC,TT,0
AG,TT,CT,0
GG,TC,CC,1
AA,TC,TT,0
AG,CC,CT,1
GG,TT,CC,1
AA,TC,CT,0
AG,TC,TT,0
GG,CC,CC,1
AA,TT,TT,0
AG,TC,CT,0
GG,TC,CC,1
AA,CC,TT,0
AG,TT,CT,0
GG,TC,CC,1
AA,TC,TT,0
AG,CC,CT,1
GG,TT,CC,1
AA,TC,CT,0
AG,TC,TT,0
GG,CC,CC,1
AA,TT,TT,0
AG,TC,CT,0
GG,TC,CC,1
AA,CC,TT,0
AG,TT,CT,0
GG,TC,CC,1
AA,TC,TT,0
AG,CC,CT,1
GG,TT,CC,1
AA,TC,CT,0
AG,TC,TT,0
GG,CC,CC,1
AA,TT,TT,0
AG,TC,CT,0
GG,TC,CC,1
AA,CC,TT,0
AG,TT,CT,0
GG,TC,CC,1
AA,TC,TT,0
AG,CC,CT,1
GG,TT,CC,1
AA,TC,CT,0
AG,TC,TT,0
GG,CC,CC,1
AA,TT,TT,0
AG,TC,CT,0
GG,TC,CC,1
AA,CC,TT,0
AG,TT,CT,0
GG,TC,CC,1
AA,TC,TT,0
AG,CC,CT,1
GG,TT,CC,1
AA,TC,CT,0
AG,TC,TT,0
GG,CC,CC,1
AA,TT,TT,0
AG,TC,CT,0
GG,TC,CC,1
AA,CC,TT,0
AG,TT,CT,0
GG,TC,CC,1
AA,TC,TT,0
AG,CC,CT,1
GG,TT,CC,1
AA,TC,CT,0
AG,TC,TT,0
GG,CC,CC,1
AA,TT,TT,0
AG,TC,CT,0
GG,TC,CC,1
AA,CC,TT,0
AG,TT,CT,0
GG,TC,CC,1
AA,TC,TT,0
AG,CC,CT,1
GG,TT,CC,1
AA,TC,CT,0
AG,TC,TT,0
GG,CC,CC,1
AA,TT,TT,0
AG,TC,CT,0
GG,TC,CC,1
AA,CC,TT,0
AG,TT,CT,0
GG,TC,CC,1
AA,TC,TT,0
AG,CC,CT,1
GG,TT,CC,1
AA,TC,CT,0
AG,TC,TT,0
GG,CC,CC,1
AA,TT,TT,0
AG,TC,CT,0
GG,TC,CC,1
AA,CC,TT,0
AG,TT,CT,0
GG,TC,CC,1
AA,TC,TT,0
AG,CC,CT,1
GG,TT,CC,1
AA,TC,CT,0
AG,TC,TT,0
GG,CC,CC,1
AA,TT,TT,0
AG,TC,CT,0
GG,TC,CC,1
AA,CC,TT,0
AG,TT,CT,0
GG,TC,CC,1
AA,TC,TT,0
AG,CC,CT,1
GG,TT,CC,1
AA,TC,CT,0
AG,TC,TT,0
GG,CC,CC,1
AA,TT,TT,0
AG,TC,CT,0
GG,TC,CC,1
AA,CC,TT,0
AG,TT,CT,0
GG,TC,CC,1
AA,TC,TT,0
AG,CC,CT,1
GG,TT,CC,1
AA,TC,CT,0
AG,TC,TT,0
GG,CC,CC,1
AA,TT,TT,0
AG,TC,CT,0
GG,TC,CC,1
AA,CC,TT,0
AG,TT,CT,0
GG,TC,CC,1
AA,TC,TT,0
AG,CC,CT,1
GG,TT,CC,1
AA,TC,CT,0
AG,TC,TT,0
GG,CC,CC,1
AA,TT,TT,0
AG,TC,CT,0
GG,TC,CC,1
AA,CC,TT,0
AG,TT,CT,0
GG,TC,CC,1
AA,TC,TT,0
AG,CC,CT,1
GG,TT,CC,1
AA,TC,CT,0
AG,TC,TT,0
GG,CC,CC,1
AA,TT,TT,0
AG,TC,CT,0
GG,TC,CC,1
AA,CC,TT,0
AG,TT,CT,0
GG,TC,CC,1
AA,TC,TT,0
AG,CC,CT,1
GG,TT,CC,1
AA,TC,CT,0
AG,TC,TT,0
GG,CC,CC,1
AA,TT,TT,0
AG,TC,CT,0
GG,TC,CC,1
AA,CC,TT,0
AG,TT,CT,0
GG,TC,CC,1
AA,TC,TT,0
AG,CC,CT,1
GG,TT,CC,1
AA,TC,CT,0
AG,TC,TT,0
GG,CC,CC,1
AA,TT,TT,0
AG,TC,CT,0
GG,TC,CC,1
AA,CC,TT,0
AG,TT,CT,0
GG,TC,CC,1
AA,TC,TT,0
AG,CC,CT,1
GG,TT,CC,1
AA,TC,CT,0
AG,TC,TT,0
GG,CC,CC,1
AA,TT,TT,0
AG,TC,CT,0
GG,TC,CC,1
AA,CC,TT,0
AG,TT,CT,0
GG,TC,CC,1
AA,TC,TT,0
AG,CC,CT,1
GG,TT,CC,1
AA,TC,CT,0
AG,TC,TT,0
GG,CC,CC,1
AA,TT,TT,0
AG,TC,CT,0
GG,TC,CC,1
AA,CC,TT,0
AG,TT,CT,0
GG,TC,CC,1
AA,TC,TT,0
AG,CC,CT,1
GG,TT,CC,1
AA,TC,CT,0
AG,TC,TT,0
GG,CC,CC,1
AA,TT,TT,0
AG,TC,CT,0
GG,TC,CC,1
AA,CC,TT,0
AG,TT,CT,0
GG,TC,CC,1
AA,TC,TT,0
AG,CC,CT,1
GG,TT,CC,1
AA,TC,CT,0
AG,TC,TT,0
GG,CC,CC,1
AA,TT,TT,0
AG,TC,CT,0
GG,TC,CC,1
AA,CC,TT,0
AG,TT,CT,0
GG,TC,CC,1
AA,TC,TT,0
AG,CC,CT,1
GG,TT,CC,1
AA,TC,CT,0
AG,TC,TT,0
GG,CC,CC,1
AA,TT,TT,0
AG,TC,CT,0
GG,TC,CC,1
AA,CC,TT,0
AG,TT,CT,0
GG,TC,CC,1
AA,TC,TT,0
AG,CC,CT,1
GG,TT,CC,1
AA,TC,CT,0
AG,TC,TT,0
GG,CC,CC,1
AA,TT,TT,0
AG,TC,CT,0
GG,TC,CC,1
AA,CC,TT,0
AG,TT,CT,0
GG,TC,CC,1
AA,TC,TT,0
AG,CC,CT,1
GG,TT,CC,1
AA,TC,CT,0
AG,TC,TT,0
GG,CC,CC,1
AA,TT,TT,0
AG,TC,CT,0
GG,TC,CC,1
AA,CC,TT,0
AG,TT,CT,0
GG,TC,CC,1
AA,TC,TT,0
AG,CC,CT,1
GG,TT,CC,1
AA,TC,CT,0
AG,TC,TT,0
GG,CC,CC,1
AA,TT,TT,0
AG,TC,CT,0
GG,TC,CC,1
AA,CC,TT,0
AG,TT,CT,0
GG,TC,CC,1
AA,TC,TT,0
AG,CC,CT,1
GG,TT,CC,1
AA,TC,CT,0
AG,TC,TT,0
GG,CC,CC,1
AA,TT,TT,0
AG,TC,CT,0
GG,TC,CC,1
AA,CC,TT,0
AG,TT,CT,0
GG,TC,CC,1
AA,TC,TT,0
AG,CC,CT,1
GG,TT,CC,1
AA,TC,CT,0
AG,TC,TT,0
GG,CC,CC,1
AA,TT,TT,0
AG,TC,CT,0
GG,TC,CC,1
AA,CC,TT,0
AG,TT,CT,0
GG,TC,CC,1
AA,TC,TT,0
AG,CC,CT,1
GG,TT,CC,1
AA,TC,CT,0
AG,TC,TT,0
GG,CC,CC,1
AA,TT,TT,0
AG,TC,CT,0
GG,TC,CC,1
AA,CC,TT,0
AG,TT,CT,0
GG,TC,CC,1
AA,TC,TT,0
AG,CC,CT,1
GG,TT,CC,1
AA,TC,CT,0
AG,TC,TT,0
GG,CC,CC,1
AA,TT,TT,0
AG,TC,CT,0
GG,TC,CC,1
AA,CC,TT,0
AG,TT,CT,0
GG,TC,CC,1
AA,TC,TT,0
AG,CC,CT,1
GG,TT,CC,1
AA,TC,CT,0
AG,TC,TT,0
GG,CC,CC,1
AA,TT,TT,0
AG,TC,CT,0
GG,TC,CC,1
AA,CC,TT,0
AG,TT,CT,0
GG,TC,CC,1
AA,TC,TT,0
AG,CC,CT,1
GG,TT,CC,1
AA,TC,CT,0
AG,TC,TT,0
GG,CC,CC,1
AA,TT,TT,0
AG,TC,CT,0
GG,TC,CC,1
AA,CC,TT,0
AG,TT,CT,0
GG,TC,CC,1
AA,TC,TT,0
AG,CC,CT,1
GG,TT,CC,1
AA,TC,CT,0
AG,TC,TT,0
GG,CC,CC,1
AA,TT,TT,0
AG,TC,CT,0
GG,TC,CC,1
AA,CC,TT,0
AG,TT,CT,0
GG,TC,CC,1
AA,TC,TT,0
AG,CC,CT,1
GG,TT,CC,1
AA,TC,CT,0
AG,TC,TT,0
GG,CC,CC,1
AA,TT,TT,0
AG,TC,CT,0
GG,TC,CC,1
AA,CC,TT,0
AG,TT,CT,0
GG,TC,CC,1
AA,TC,TT,0
AG,CC,CT,1
GG,TT,CC,1
AA,TC,CT,0
AG,TC,TT,0
GG,CC,CC,1
AA,TT,TT,0
AG,TC,CT,0
GG,TC,CC,1
AA,CC,TT,0
AG,TT,CT,0
GG,TC,CC,1
AA,TC,TT,0
AG,CC,CT,1
GG,TT,CC,1
AA,TC,CT,0
AG,TC,TT,0
GG,CC,CC,1
AA,TT,TT,0
AG,TC,CT,0
GG,TC,CC,1
AA,CC,TT,0
AG,TT,CT,0
GG,TC,CC,1
AA,TC,TT,0
AG,CC,CT,1
GG,TT,CC,1
AA,TC,CT,0
AG,TC,TT,0
GG,CC,CC,1
AA,TT,TT,0
AG,TC,CT,0
GG,TC,CC,1
AA,CC,TT,0
AG,TT,CT,0
GG,TC,CC,1
AA,TC,TT,0
AG,CC,CT,1
GG,TT,CC,1
AA,TC,CT,0
AG,TC,TT,0
GG,CC,CC,1
AA,TT,TT,0
AG,TC,CT,0
GG,TC,CC,1
AA,CC,TT,0
AG,TT,CT,0
GG,TC,CC,1
AA,TC,TT,0
AG,CC,CT,1
GG,TT,CC,1
AA,TC,CT,0
AG,TC,TT,0
GG,CC,CC,1
AA,TT,TT,0
AG,TC,CT,0
GG,TC,CC,1
AA,CC,TT,0
AG,TT,CT,0
GG,TC,CC,1
AA,TC,TT,0
AG,CC,CT,1
GG,TT,CC,1
AA,TC,CT,0
AG,TC,TT,0
GG,CC,CC,1
AA,TT,TT,0
AG,TC,CT,0
GG,TC,CC,1
AA,CC,TT,0
AG,TT,CT,0
GG,TC,CC,1
AA,TC,TT,0
AG,CC,CT,1
GG,TT,CC,1
AA,TC,CT,0
AG,TC,TT,0
GG,CC,CC,1
AA,TT,TT,0
AG,TC,CT,0
GG,TC,CC,1
AA,CC,TT,0
AG,TT,CT,0
GG,TC,CC,1
AA,TC,TT,0
AG,CC,CT,1
GG,TT,CC,1
AA,TC,CT,0
AG,TC,TT,0
GG,CC,CC,1
AA,TT,TT,0
AG,TC,CT,0
GG,TC,CC,1
AA,CC,TT,0
AG,TT,CT,0
GG,TC,CC,1
AA,TC,TT,0
AG,CC,CT,1
GG,TT,CC,1
AA,TC,CT,0
AG,TC,TT,0
GG,CC,CC,1
AA,TT,TT,0
AG,TC,CT,0
GG,TC,CC,1
AA,CC,TT,0
AG,TT,CT,0
GG,TC,CC,1
AA,TC,TT,0
AG,CC,CT,1
GG,TT,CC,1
AA,TC,CT,0
AG,TC,TT,0
GG,CC,CC,1
AA,TT,TT,0
AG,TC,CT,0
GG,TC,CC,1
AA,CC,TT,0
AG,TT,CT,0
GG,TC,CC,1
AA,TC,TT,0
AG,CC,CT,1
GG,TT,CC,1
AA,TC,CT,0
AG,TC,TT,0
GG,CC,CC,1
AA,TT,TT,0
AG,TC,CT,0
GG,TC,CC,1
AA,CC,TT,0
AG,TT,CT,0
GG,TC,CC,1
AA,TC,TT,0
AG,CC,CT,1
GG,TT,CC,1
AA,TC,CT,0
AG,TC,TT,0
GG,CC,CC,1
AA,TT,TT,0
AG,TC,CT,0
GG,TC,CC,1
AA,CC,TT,0
AG,TT,CT,0
GG,TC,CC,1
AA,TC,TT,0
AG,CC,CT,1
GG,TT,CC,1
AA,TC,CT,0
AG,TC,TT,0
GG,CC,CC,1
AA,TT,TT,0
AG,TC,CT,0
GG,TC,CC,1
AA,CC,TT,0
AG,TT,CT,0
GG,TC,CC,1
AA,TC,TT,0
AG,CC,CT,1
GG,TT,CC,1
AA,TC,CT,0
AG,TC,TT,0
GG,CC,CC,1
AA,TT,TT,0
AG,TC,CT,0
GG,TC,CC,1
AA,CC,TT,0
AG,TT,CT,0
GG,TC,CC,1
AA,TC,TT,0
AG,CC,CT,1
GG,TT,CC,1
AA,TC,CT,0
AG,TC,TT,0
GG,CC,CC,1
AA,TT,TT,0
AG,TC,CT,0
GG,TC,CC,1
AA,CC,TT,0
AG,TT,CT,0
GG,TC,CC,1
AA,TC,TT,0
AG,CC,CT,1
GG,TT,CC,1
AA,TC,CT,0
AG,TC,TT,0
GG,CC,CC,1
AA,TT,TT,0
AG,TC,CT,0
GG,TC,CC,1
AA,CC,TT,0
AG,TT,CT,0
GG,TC,CC,1
AA,TC,TT,0
AG,CC,CT,1
GG,TT,CC,1
AA,TC,CT,0
AG,TC,TT,0
GG,CC,CC,1
AA,TT,TT,0
AG,TC,CT,0
GG,TC,CC,1
AA,CC,TT,0
AG,TT,CT,0
GG,TC,CC,1
AA,TC,TT,0
AG,CC,CT,1
GG,TT,CC,1
AA,TC,CT,0
AG,TC,TT,0
GG,CC,CC,1
AA,TT,TT,0
AG,TC,CT,0
GG,TC,CC,1
AA,CC,TT,0
AG,TT,CT,0
GG,TC,CC,1
AA,TC,TT,0
AG,CC,CT,1
GG,TT,CC,1
AA,TC,CT,0
AG,TC,TT,0
GG,CC,CC,1
AA,TT,TT,0
AG,TC,CT,0
GG,TC,CC,1
AA,CC,TT,0
AG,TT,CT,0
GG,TC,CC,1
AA,TC,TT,0
AG,CC,CT,1
GG,TT,CC,1
AA,TC,CT,0
AG,TC,TT,0
GG,CC,CC,1
AA,TT,TT,0
AG,TC,CT,0
GG,TC,CC,1
AA,CC,TT,0
AG,TT,CT,0
GG,TC,CC,1
AA,TC,TT,0
AG,CC,CT,1
GG,TT,CC,1
AA,TC,CT,0
AG,TC,TT,0
GG,CC,CC,1
AA,TT,TT,0
AG,TC,CT,0
GG,TC,CC,1
AA,CC,TT,0
AG,TT,CT,0
GG,TC,CC,1
AA,TC,TT,0
AG,CC,CT,1
GG,TT,CC,1
AA,TC,CT,0
AG,TC,TT,0
GG,CC,CC,1
AA,TT,TT,0
AG,TC,CT,0
GG,TC,CC,1
AA,CC,TT,0
AG,TT,CT,0
GG,TC,CC,1
AA,TC,TT,0
AG,CC,CT,1
GG,TT,CC,1
AA,TC,CT,0
AG,TC,TT,0
GG,CC,CC,1
AA,TT,TT,0
AG,TC,CT,0
GG,TC,CC,1
AA,CC,TT,0
AG,TT,CT,0
GG,TC,CC,1
AA,TC,TT,0
AG,CC,CT,1
GG,TT,CC,1
AA,TC,CT,0
AG,TC,TT,0
GG,CC,CC,1
AA,TT,TT,0
AG,TC,CT,0
GG,TC,CC,1
AA,CC,TT,0
AG,TT,CT,0
GG,TC,CC,1
AA,TC,TT,0
AG,CC,CT,1
GG,TT,CC,1
AA,TC,CT,0
AG,TC,TT,0
GG,CC,CC,1
AA,TT,TT,0
AG,TC,CT,0
GG,TC,CC,1
AA,CC,TT,0
AG,TT,CT,0
GG,TC,CC,1
AA,TC,TT,0
AG,CC,CT,1
GG,TT,CC,1
AA,TC,CT,0
AG,TC,TT,0
GG,CC,CC,1
AA,TT,TT,0
AG,TC,CT,0
GG,TC,CC,1
AA,CC,TT,0
AG,TT,CT,0
GG,TC,CC,1
AA,TC,TT,0
AG,CC,CT,1
GG,TT,CC,1
AA,TC,CT,0
AG,TC,TT,0
GG,CC,CC,1
AA,TT,TT,0
AG,TC,CT,0
GG,TC,CC,1
AA,CC,TT,0
AG,TT,CT,0
GG,TC,CC,1
AA,TC,TT,0
AG,CC,CT,1
GG,TT,CC,1
AA,TC,CT,0
AG,TC,TT,0
GG,CC,CC,1
AA,TT,TT,0
AG,TC,CT,0
GG,TC,CC,1
AA,CC,TT,0
AG,TT,CT,0
GG,TC,CC,1
AA,TC,TT,0
AG,CC,CT,1
GG,TT,CC,1
AA,TC,CT,0
AG,TC,TT,0
GG,CC,CC,1
AA,TT,TT,0
AG,TC,CT,0
GG,TC,CC,1
AA,CC,TT,0
AG,TT,CT,0
GG,TC,CC,1
AA,TC,TT,0
AG,CC,CT,1
GG,TT,CC,1
AA,TC,CT,0
AG,TC,TT,0
GG,CC,CC,1
AA,TT,TT,0
AG,TC,CT,0
GG,TC,CC,1
AA,CC,TT,0
AG,TT,CT,0
GG,TC,CC,1
AA,TC,TT,0
AG,CC,CT,1
GG,TT,CC,1
AA,TC,CT,0
AG,TC,TT,0
GG,CC,CC,1
AA,TT,TT,0
AG,TC,CT,0
GG,TC,CC,1
AA,CC,TT,0
AG,TT,CT,0
GG,TC,CC,1
AA,TC,TT,0
AG,CC,CT,1
GG,TT,CC,1
AA,TC,CT,0
AG,TC,TT,0
GG,CC,CC,1
AA,TT,TT,0
AG,TC,CT,0
GG,TC,CC,1
AA,CC,TT,0
AG,TT,CT,0
GG,TC,CC,1
AA,TC,TT,0
AG,CC,CT,1
GG,TT,CC,1
AA,TC,CT,0
AG,TC,TT,0
GG,CC,CC,1
AA,TT,TT,0
AG,TC,CT,0
GG,TC,CC,1
AA,CC,TT,0
AG,TT,CT,0
GG,TC,CC,1
AA,TC,TT,0
AG,CC,CT,1
GG,TT,CC,1
AA,TC,CT,0
AG,TC,TT,0
GG,CC,CC,1
AA,TT,TT,0
AG,TC,CT,0
GG,TC,CC,1
AA,CC,TT,0
AG,TT,CT,0
GG,TC,CC,1
AA,TC,TT,0
AG,CC,CT,1
GG,TT,CC,1
AA,TC,CT,0
AG,TC,TT,0
GG,CC,CC,1
AA,TT,TT,0
AG,TC,CT,0
GG,TC,CC,1
AA,CC,TT,0
AG,TT,CT,0
GG,TC,CC,1
AA,TC,TT,0
AG,CC,CT,1
GG,TT,CC,1
AA,TC,CT,0
AG,TC,TT,0
GG,CC,CC,1
AA,TT,TT,0
AG,TC,CT,0
GG,TC,CC,1
AA,CC,TT,0
AG,TT,CT,0
GG,TC,CC,1
AA,TC,TT,0
AG,CC,CT,1
GG,TT,CC,1
AA,TC,CT,0
AG,TC,TT,0
GG,CC,CC,1
AA,TT,TT,0
AG,TC,CT,0
GG,TC,CC,1
AA,CC,TT,0
AG,TT,CT,0
GG,TC,CC,1
AA,TC,TT,0
AG,CC,CT,1
GG,TT,CC,1
AA,TC,CT,0
AG,TC,TT,0
GG,CC,CC,1
AA,TT,TT,0
AG,TC,CT,0
GG,TC,CC,1
AA,CC,TT,0
AG,TT,CT,0
GG,TC,CC,1
AA,TC,TT,0
AG,CC,CT,1
GG,TT,CC,1
AA,TC,CT,0
AG,TC,TT,0
GG,CC,CC,1
AA,TT,TT,0
AG,TC,CT,0
GG,TC,CC,1
AA,CC,TT,0
AG,TT,CT,0
GG,TC,CC,1
AA,TC,TT,0
AG,CC,CT,1
GG,TT,CC,1
AA,TC,CT,0
AG,TC,TT,0
GG,CC,CC,1
AA,TT,TT,0
AG,TC,CT,0
GG,TC,CC,1
AA,CC,TT,0
AG,TT,CT,0
GG,TC,CC,1
AA,TC,TT,0
AG,CC,CT,1
GG,TT,CC,1
AA,TC,CT,0
AG,TC,TT,0
GG,CC,CC,1
AA,TT,TT,0
AG,TC,CT,0
GG,TC,CC,1
AA,CC,TT,0
AG,TT,CT,0
GG,TC,CC,1
AA,TC,TT,0
AG,CC,CT,1
GG,TT,CC,1
AA,TC,CT,0
AG,TC,TT,0
GG,CC,CC,1
AA,TT,TT,0
AG,TC,CT,0
GG,TC,CC,1
AA,CC,TT,0
AG,TT,CT,0
GG,TC,CC,1
AA,TC,TT,0
AG,CC,CT,1
GG,TT,CC,1
AA,TC,CT,0
AG,TC,TT,0
GG,CC,CC,1
AA,TT,TT,0
AG,TC,CT,0
GG,TC,CC,1
AA,CC,TT,0
AG,TT,CT,0
GG,TC,CC,1
AA,TC,TT,0
AG,CC,CT,1
GG,TT,CC,1
AA,TC,CT,0
AG,TC,TT,0
GG,CC,CC,1
AA,TT,TT,0
AG,TC,CT,0
GG,TC,CC,1
AA,CC,TT,0
AG,TT,CT,0
GG,TC,CC,1
AA,TC,TT,0
AG,CC,CT,1
GG,TT,CC,1
AA,TC,CT,0
AG,TC,TT,0
GG,CC,CC,1
AA,TT,TT,0
AG,TC,CT,0
GG,TC,CC,1
AA,CC,TT,0
AG,TT,CT,0
GG,TC,CC,1
AA,TC,TT,0
AG,CC,CT,1
GG,TT,CC,1
AA,TC,CT,0
AG,TC,TT,0
GG,CC,CC,1
AA,TT,TT,0
AG,TC,CT,0
GG,TC,CC,1
AA,CC,TT,0
AG,TT,CT,0
GG,TC,CC,1
AA,TC,TT,0
AG,CC,CT,1
GG,TT,CC,1
AA,TC,CT,0
AG,TC,TT,0
GG,CC,CC,1
AA,TT,TT,0
AG,TC,CT,0
GG,TC,CC,1
AA,CC,TT,0
AG,TT,CT,0
GG,TC,CC,1
AA,TC,TT,0
AG,CC,CT,1
GG,TT,CC,1
AA,TC,CT,0
AG,TC,TT,0
GG,CC,CC,1
AA,TT,TT,0
AG,TC,CT,0
GG,TC,CC,1
AA,CC,TT,0
AG,TT,CT,0
GG,TC,CC,1
AA,TC,TT,0
AG,CC,CT,1
GG,TT,CC,1
AA,TC,CT,0
AG,TC,TT,0
GG,CC,CC,1
AA,TT,TT,0
AG,TC,CT,0
GG,TC,CC,1
AA,CC,TT,0
AG,TT,CT,0
GG,TC,CC,1
AA,TC,TT,0
AG,CC,CT,1
GG,TT,CC,1
AA,TC,CT,0
AG,TC,TT,0
GG,CC,CC,1
AA,TT,TT,0
AG,TC,CT,0
GG,TC,CC,1
AA,CC,TT,0
AG,TT,CT,0
GG,TC,CC,1
AA,TC,TT,0
AG,CC,CT,1
GG,TT,CC,1
AA,TC,CT,0
AG,TC,TT,0
GG,CC,CC,1
AA,TT,TT,0
AG,TC,CT,0
GG,TC,CC,1
AA,CC,TT,0
AG,TT,CT,0
GG,TC,CC,1
AA,TC,TT,0
AG,CC,CT,1
GG,TT,CC,1
AA,TC,CT,0
AG,TC,TT,0
GG,CC,CC,1
AA,TT,TT,0
AG,TC,CT,0
GG,TC,CC,1
AA,CC,TT,0
AG,TT,CT,0
GG,TC,CC,1
AA,TC,TT,0
AG,CC,CT,1
GG,TT,CC,1
AA,TC,CT,0
AG,TC,TT,0
GG,CC,CC,1
AA,TT,TT,0
AG,TC,CT,0
GG,TC,CC,1
AA,CC,TT,0
AG,TT,CT,0
GG,TC,CC,1
AA,TC,TT,0
AG,CC,CT,1
GG,TT,CC,1
AA,TC,CT,0
AG,TC,TT,0
GG,CC,CC,1
AA,TT,TT,0
AG,TC,CT,0
GG,TC,CC,1
AA,CC,TT,0
AG,TT,CT,0
GG,TC,CC,1
AA,TC,TT,0
AG,CC,CT,1
GG,TT,CC,1
AA,TC,CT,0
AG,TC,TT,0
GG,CC,CC,1
AA,TT,TT,0
AG,TC,CT,0
GG,TC,CC,1
AA,CC,TT,0
AG,TT,CT,0
GG,TC,CC,1
AA,TC,TT,0
AG,CC,CT,1
GG,TT,CC,1
AA,TC,CT,0
AG,TC,TT,0
GG,CC,CC,1
AA,TT,TT,0
AG,TC,CT,0
GG,TC,CC,1
AA,CC,TT,0
AG,TT,CT,0
GG,TC,CC,1
AA,TC,TT,0
AG,CC,CT,1
GG,TT,CC,1
AA,TC,CT,0
AG,TC,TT,0
GG,CC,CC,1
AA,TT,TT,0
AG,TC,CT,0
GG,TC,CC,1
AA,CC,TT,0
AG,TT,CT,0
GG,TC,CC,1
AA,TC,TT,0
AG,CC,CT,1
GG,TT,CC,1
AA,TC,CT,0
AG,TC,TT,0
GG,CC,CC,1
AA,TT,TT,0
AG,TC,CT,0
GG,TC,CC,1
AA,CC,TT,0
AG,TT,CT,0
GG,TC,CC,1
AA,TC,TT,0
AG,CC,CT,1
GG,TT,CC,1
AA,TC,CT,0
AG,TC,TT,0
GG,CC,CC,1
AA,TT,TT,0
AG,TC,CT,0
GG,TC,CC,1
AA,CC,TT,0
AG,TT,CT,0
GG,TC,CC,1
AA,TC,TT,0
AG,CC,CT,1
GG,TT,CC,1
AA,TC,CT,0
AG,TC,TT,0
GG,CC,CC,1
AA,TT,TT,0
AG,TC,CT,0
GG,TC,CC,1
AA,CC,TT,0
AG,TT,CT,0
GG,TC,CC,1
AA,TC,TT,0
AG,CC,CT,1
GG,TT,CC,1
AA,TC,CT,0
AG,TC,TT,0
GG,CC,CC,1
AA,TT,TT,0
AG,TC,CT,0
GG,TC,CC,1
AA,CC,TT,0
AG,TT,CT,0
GG,TC,CC,1
AA,TC,TT,0
AG,CC,CT,1
GG,TT,CC,1
AA,TC,CT,0
AG,TC,TT,0
GG,CC,CC,1
AA,TT,TT,0
AG,TC,CT,0
GG,TC,CC,1
AA,CC,TT,0
AG,TT,CT,0
GG,TC,CC,1
AA,TC,TT,0
AG,CC,CT,1
GG,TT,CC,1
AA,TC,CT,0
AG,TC,TT,0
GG,CC,CC,1
AA,TT,TT,0
AG,TC,CT,0
GG,TC,CC,1
AA,CC,TT,0
AG,TT,CT,0
GG,TC,CC,1
AA,TC,TT,0
AG,CC,CT,1
GG,TT,CC,1
AA,TC,CT,0
AG,TC,TT,0
GG,CC,CC,1
AA,TT,TT,0
AG,TC,CT,0
GG,TC,CC,1
AA,CC,TT,0
AG,TT,CT,0
GG,TC,CC,1
AA,TC,TT,0
AG,CC,CT,1
GG,TT,CC,1
AA,TC,CT,0
AG,TC,TT,0
GG,CC,CC,1
AA,TT,TT,0
AG,TC,CT,0
GG,TC,CC,1
AA,CC,TT,0
AG,TT,CT,0
GG,TC,CC,1
AA,TC,TT,0
AG,CC,CT,1
GG,TT,CC,1
AA,TC,CT,0
AG,TC,TT,0
GG,CC,CC,1
AA,TT,TT,0
AG,TC,CT,0
GG,TC,CC,1
AA,CC,TT,0
AG,TT,CT,0
GG,TC,CC,1
AA,TC,TT,0
AG,CC,CT,1
GG,TT,CC,1
AA,TC,CT,0
AG,TC,TT,0
GG,CC,CC,1
AA,TT,TT,0
AG,TC,CT,0
GG,TC,CC,1
AA,CC,TT,0
AG,TT,CT,0
GG,TC,CC,1
AA,TC,TT,0
AG,CC,CT,1
GG,TT,CC,1
AA,TC,CT,0
AG,TC,TT,0
GG,CC,CC,1
AA,TT,TT,0
AG,TC,CT,0
GG,TC,CC,1
AA,CC,TT,0
AG,TT,CT,0
GG,TC,CC,1
AA,TC,TT,0
AG,CC,CT,1
GG,TT,CC,1
AA,TC,CT,0
AG,TC,TT,0
GG,CC,CC,1
AA,TT,TT,0
AG,TC,CT,0
GG,TC,CC,1
AA,CC,TT,0
AG,TT,CT,0
GG,TC,CC,1
AA,TC,TT,0
AG,CC,CT,1
GG,TT,CC,1
AA,TC,CT,0
AG,TC,TT,0
GG,CC,CC,1
AA,TT,TT,0
AG,TC,CT,0
GG,TC,CC,1
AA,CC,TT,0
AG,TT,CT,0
GG,TC,CC,1
AA,TC,TT,0
AG,CC,CT,1
GG,TT,CC,1
AA,TC,CT,0
AG,TC,TT,0
GG,CC,CC,1
AA,TT,TT,0
AG,TC,CT,0
GG,TC,CC,1
AA,CC,TT,0
AG,TT,CT,0
GG,TC,CC,1
AA,TC,TT,0
AG,CC,CT,1
GG,TT,CC,1
AA,TC,CT,0
AG,TC,TT,0
GG,CC,CC,1
AA,TT,TT,0
AG,TC,CT,0
GG,TC,CC,1
AA,CC,TT,0
AG,TT,CT,0
GG,TC,CC,1
AA,TC,TT,0
AG,CC,CT,1
GG,TT,CC,1
AA,TC,CT,0
AG,TC,TT,0
GG,CC,CC,1
AA,TT,TT,0
AG,TC,CT,0
GG,TC,CC,1
AA,CC,TT,0
AG,TT,CT,0
GG,TC,CC,1
AA,TC,TT,0
AG,CC,CT,1
GG,TT,CC,1
AA,TC,CT,0
AG,TC,TT,0
GG,CC,CC,1
AA,TT,TT,0
AG,TC,CT,0
GG,TC,CC,1
AA,CC,TT,0
AG,TT,CT,0
GG,TC,CC,1
AA,TC,TT,0
AG,CC,CT,1
GG,TT,CC,1
AA,TC,CT,0
AG,TC,TT,0
GG,CC,CC,1
AA,TT,TT,0
AG,TC,CT,0
GG,TC,CC,1
AA,CC,TT,0
AG,TT,CT,0
GG,TC,CC,1
AA,TC,TT,0
AG,CC,CT,1
GG,TT,CC,1
AA,TC,CT,0
AG,TC,TT,0
GG,CC,CC,1
AA,TT,TT,0
AG,TC,CT,0
GG,TC,CC,1
AA,CC,TT,0
AG,TT,CT,0
GG,TC,CC,1
AA,TC,TT,0
AG,CC,CT,1
GG,TT,CC,1
AA,TC,CT,0
AG,TC,TT,0
GG,CC,CC,1
AA,TT,TT,0
AG,TC,CT,0
GG,TC,CC,1
AA,CC,TT,0
AG,TT,CT,0
GG,TC,CC,1
AA,TC,TT,0
AG,CC,CT,1
GG,TT,CC,1
AA,TC,CT,0
AG,TC,TT,0
GG,CC,CC,1
AA,TT,TT,0
AG,TC,CT,0
GG,TC,CC,1
AA,CC,TT,0
AG,TT,CT,0
GG,TC,CC,1
AA,TC,TT,0
AG,CC,CT,1
GG,TT,CC,1
AA,TC,CT,0
AG,TC,TT,0
GG,CC,CC,1
AA,TT,TT,0
AG,TC,CT,0
GG,TC,CC,1
AA,CC,TT,0
AG,TT,CT,0
GG,TC,CC,1
AA,TC,TT,0
AG,CC,CT,1
GG,TT,CC,1
AA,TC,CT,0
AG,TC,TT,0
GG,CC,CC,1
AA,TT,TT,0
AG,TC,CT,0
GG,TC,CC,1
AA,CC,TT,0
AG,TT,CT,0
GG,TC,CC,1
AA,TC,TT,0
AG,CC,CT,1
GG,TT,CC,1
AA,TC,CT,0
AG,TC,TT,0
GG,CC,CC,1
AA,TT,TT,0
AG,TC,CT,0
GG,TC,CC,1
AA,CC,TT,0
AG,TT,CT,0
GG,TC,CC,1
AA,TC,TT,0
AG,CC,CT,1
GG,TT,CC,1
AA,TC,CT,0
AG,TC,TT,0
GG,CC,CC,1
AA,TT,TT,0
AG,TC,CT,0
GG,TC,CC,1
AA,CC,TT,0
AG,TT,CT,0
GG,TC,CC,1
AA,TC,TT,0
AG,CC,CT,1
GG,TT,CC,1
AA,TC,CT,0
AG,TC,TT,0
GG,CC,CC,1
AA,TT,TT,0
AG,TC,CT,0
GG,TC,CC,1
AA,CC,TT,0
AG,TT,CT,0
GG,TC,CC,1
AA,TC,TT,0
AG,CC,CT,1
GG,TT,CC,1
AA,TC,CT,0
AG,TC,TT,0
GG,CC,CC,1
AA,TT,TT,0
AG,TC,CT,0
GG,TC,CC,1
AA,CC,TT,0
AG,TT,CT,0
GG,TC,CC,1
AA,TC,TT,0
AG,CC,CT,1
GG,TT,CC,1
AA,TC,CT,0
AG,TC,TT,0
GG,CC,CC,1
AA,TT,TT,0
AG,TC,CT,0
GG,TC,CC,1
AA,CC,TT,0
AG,TT,CT,0
GG,TC,CC,1
AA,TC,TT,0
AG,CC,CT,1
GG,TT,CC,1
AA,TC,CT,0
AG,TC,TT,0
GG,CC,CC,1
AA,TT,TT,0
AG,TC,CT,0
GG,TC,CC,1
AA,CC,TT,0
AG,TT,CT,0
GG,TC,CC,1
AA,TC,TT,0
AG,CC,CT,1
GG,TT,CC,1
AA,TC,CT,0
AG,TC,TT,0
GG,CC,CC,1
AA,TT,TT,0
AG,TC,CT,0
GG,TC,CC,1
AA,CC,TT,0
AG,TT,CT,0
GG,TC,CC,1
AA,TC,TT,0
AG,CC,CT,1
GG,TT,CC,1
AA,TC,CT,0
AG,TC,TT,0
GG,CC,CC,1
AA,TT,TT,0
AG,TC,CT,0
GG,TC,CC,1